anchor,positive,negative
Astrology: I am a Capricorn Sun Cap moon and cap rising...what does that say about me?,"I'm a triple Capricorn (Sun, Moon and ascendant in Capricorn) What does this say about me?",How can I be a good geologist?
Astrology: I am a Capricorn Sun Cap moon and cap rising...what does that say about me?,"I'm a triple Capricorn (Sun, Moon and ascendant in Capricorn) What does this say about me?",How do I read and find my YouTube comments?
Astrology: I am a Capricorn Sun Cap moon and cap rising...what does that say about me?,"I'm a triple Capricorn (Sun, Moon and ascendant in Capricorn) What does this say about me?",What can make Physics easy to learn?
Astrology: I am a Capricorn Sun Cap moon and cap rising...what does that say about me?,"I'm a triple Capricorn (Sun, Moon and ascendant in Capricorn) What does this say about me?",What was your first sexual experience like?
How can I be a good geologist?,What should I do to be a great geologist?,Astrology: I am a Capricorn Sun Cap moon and cap rising...what does that say about me?
How can I be a good geologist?,What should I do to be a great geologist?,How do I read and find my YouTube comments?
How can I be a good geologist?,What should I do to be a great geologist?,What can make Physics easy to learn?
How can I be a good geologist?,What should I do to be a great geologist?,What was your first sexual experience like?
How do I read and find my YouTube comments?,How can I see all my Youtube comments?,Astrology: I am a Capricorn Sun Cap moon and cap rising...what does that say about me?
How do I read and find my YouTube comments?,How can I see all my Youtube comments?,How can I be a good geologist?
How do I read and find my YouTube comments?,How can I see all my Youtube comments?,What can make Physics easy to learn?
How do I read and find my YouTube comments?,How can I see all my Youtube comments?,What was your first sexual experience like?
What can make Physics easy to learn?,How can you make physics easy to learn?,Astrology: I am a Capricorn Sun Cap moon and cap rising...what does that say about me?
What can make Physics easy to learn?,How can you make physics easy to learn?,How can I be a good geologist?
What can make Physics easy to learn?,How can you make physics easy to learn?,How do I read and find my YouTube comments?
What can make Physics easy to learn?,How can you make physics easy to learn?,What was your first sexual experience like?
What was your first sexual experience like?,What was your first sexual experience?,Astrology: I am a Capricorn Sun Cap moon and cap rising...what does that say about me?
What was your first sexual experience like?,What was your first sexual experience?,How can I be a good geologist?
What was your first sexual experience like?,What was your first sexual experience?,How do I read and find my YouTube comments?
What was your first sexual experience like?,What was your first sexual experience?,What can make Physics easy to learn?
How do I read and find my YouTube comments?,This is just to throw the LLM off for neg mining,How to youtube
